Ref,Organisation,Charity no.,Fund,Amount awarded,Award date,End date,Payment schedule,Paid to date,Next payment due,Agreement signed,DD checked,Conditions,Interim report due,Interim report rec'd,Final report due,Final report rec'd,Evidence,Owner,Notes
CF-2025-014,Harbour Youth Project CIO,1181234,Community Fund,"£25,000",01/07/2026,30/06/2027,"2 tranches: £15k on signing, £10k after interim report + receipts","£15,000",21/10/2026,Y,02/07/2026,Restricted to youth skills delivery,14/10/2026,,31/07/2027,,receipts for tranche 1 spend - not yet,SJ,chased for receipts 16/9
CF-2025-009,Harbour Youth Proj.,,community fund,5000,2025-11-03,2026-08-31,single payment,all,,yes,Y,,,,30/09/2026,,,Sarah,
YM25/03,Northgate Music Collective,1190001,Youth Music,"12,500.00",15 Jan 2026,31 Dec 2026,50/50 - second half after interim report,6250,01/09/2026,signed,10/01/2025,DBS checks for tutors confirmed before term 2,31/07/2026,,31/12/2026,,,Tom B,"chased 2x, new coordinator started Aug"
YM25/05,St Anne's Community Choir,,Youth Music,3000,5/3/26,28/02/2027,single payment,3000,,,,,,,31/03/2027,,,TB,paid before agreement returned?? check
CAP-7,Riverside Scout Group,110 0456,Capital,"£40,000",Jan-26,31/03/2027,3 x quarterly - Q3 payment only once planning permission evidence received,"20,000",01/10/2026,signed 12/1,12/12/2025,Planning permission evidence before tranche 3,30/06/2026,02/07/2026,31/03/2027,,contractor invoices - some received,Priya K,
CAP-8,Eastfield Village Hall,1123456,Capital Grants,"£18,000",2026-02-20,31/12/2026,"2 tranches: 9k on signing, 9k on completion evidence",9000,31/10/2026,Y,18/02/2026,,,,31/10/2026,,completion certificate + photos,Priya,bank details changed - verify before next payment!
HF-101,Mercy Street Food Bank,1170777,Hardship Fund,"£2,500",01/09/2026,31/12/2026,single,2500,,Y,20/08/2026,,,,31/01/2027,,,sarah j,
HF-102,Mercy St Foodbank,1170777,Hardship,"£1,500",12/09/2026,31/12/2026,single - on receipt of signed agreement,,30/09/2026,pending,20/08/2026,,,,31/01/2027,,,SJ,
CF-2026-002,Lanterns Mental Health Peer Support,1201122,Community Fund,"£30,000",10/02/2026,09/02/2027,50/50 - T2 after interim report,15000,10/09/2026,Y,01/02/2026,,10/08/2026,05/08/2026,09/03/2027,,,Sarah J,interim report fine - T2 to go to Oct trustees?
CF-2026-005,Greenway Allotment Society,,Community Fund,4000,3/4/2026,31/08/2026,single payment,4000,,Y,01/04/2026,,,,01/09/2026,,photos of new raised beds,,
CF-2026-007,Kids Code Club Northbridge,1195555,Community Fund,"£8,000",2026-05-01,30/04/2027,2 tranches 50/50 (2nd after interim),4000,01/12/2026,Y,28/04/2026,,01/11/2026,,30/04/2027,,,Tom B,
YM26/01,Brass for All,1150333,Youth Music,"£15,000",01/06/2026,31/05/2027,"3 x £5k: on signing, Oct after termly report, Feb after termly report",5000,01/10/2026,Y,30/05/2026,,15/09/2026,,31/05/2027,,,Tom,
YM26/02,The Beat Box Studio CIC,CIC 12345678,Youth Music,"£9,500",20/06/2026,30/06/2027,single,9500,,signed,18/06/2026,Safeguarding policy to be provided within 3 months (by 20/09/2026),,,30/06/2027,,,TB,
CAP-9,Hilltop Community Cafe,1188888,Capital Grants,"£22,000",12/12/2025,30/06/2026,2 tranches,22000,,Y,10/12/2025,,,,30/06/2026,28/06/2026,invoices received,Priya K,all done?
HF-103,Westside Refugee Welcome,1177777,Hardship Fund,"£3,000",15/09/2026,31/03/2027,single,3000,,Y,,,,,30/04/2027,,,Sarah,urgent award - DD to follow
CF-2025-021,Oakfield Carers Network,1166666,Community Fund,"£20,000",01/10/2025,30/09/2026,2 tranches,20000,,Y,25/09/2025,,01/04/2026,01/04/2026,31/10/2026,,received with interim,SJ,
CF-2025-022,Northbridge Men's Shed,1160000,Community Fund,"£6,000",01/10/2025,30/09/2026,single,6000,,Y,20/09/2025,,,,31/10/2026,,,Tom B,
YM25/09,Rhythm & Roots Drumming,,Youth Music,"7,200",10/10/2025,09/10/2026,2 tranches,3600,10/05/2026,Y,05/10/2025,,10/04/2026,,09/11/2026,,,Tom B,project paused - lead worker on leave; extension agreed?? no record
,Friends of Castle Park,,,"£5,000",,,,,,,,,,,,,,,approved at Sept trustees - letter not sent yet
CAP-10,Eastfield Village Hall,1123456,Capital,"£3,500",15/08/2026,31/03/2027,single - on receipt of quote for accessible ramp,,15/10/2026,Y,18/02/2026,,,,31/03/2027,,quote for ramp received 02/09/2026,Priya,
